,feature,VIF
0,longitude,629.1368293219628
1,latitude,565.9327584579878
2,housing_median_age,8.249043346984292
3,total_rooms,31.213401769237258
4,total_bedrooms,94.53617373986445
5,population,17.390623152713093
6,households,93.29971250884834
7,median_income,15.1625718946604
8,median_house_value,10.99768139548004
9,ocean_proximity,2.901260527503704
